FIPS,POP_ESTIMATE_2018,R_NET_MIG_2018
0,327167434,
1000,4887871,1.9
1001,55601,0.6
1003,218022,24.8
1005,24881,-8.6
1007,22400,-6.6
1009,57840,0
1011,10138,-3.2
1013,19680,-10.1
1015,114277,-1.6
1017,33615,-1.1
1019,26032,13
1021,44153,0.4
1023,12841,-4
1025,23920,-5.6
1027,13275,-3.2
1029,14987,7.6
1031,51909,0.4
1033,54762,6
1035,12277,-8.2
1037,10715,-0.8
1039,36986,0.6
1041,13824,0.2
1043,83442,8.1
1045,48956,-8.1
1047,38310,-22
1049,71385,-0.4
1051,81887,4.8
1053,36748,-5.5
1055,102501,-1.3
1057,16433,1.2
1059,31363,-9.2
1061,26314,-0.4
1063,8233,-10.3
1065,14726,-4.1
1067,17209,6.2
1069,104722,2.5
1071,51736,-1.1
1073,659300,-2
1075,13844,0.2
1077,92387,0.5
1079,32957,-1.9
1081,163941,9.5
1083,96174,20.4
1085,9974,-11.2
1087,18439,-16.2
1089,366519,10.7
1091,19066,-13.2
1093,29763,3.8
1095,96109,2.8
1097,413757,-3.8
1099,21067,-7.4
1101,225763,-9.6
1103,119089,1.8
1105,9140,-16.9
1107,19938,-12
1109,33338,-2.9
1111,22725,4.7
1113,57781,11.3
1115,88690,7.4
1117,215707,6
1119,12691,-5.3
1121,79828,0.5
1123,40497,0.8
1125,208911,2.5
1127,63711,0.5
1129,16378,-7.8
1131,10627,-7.6
1133,23660,0.6
2000,737438,-11.3
2013,3515,3.1
2016,5723,-4.4
2020,291538,-17.8
2050,18216,-9
2060,877,11.4
2068,2059,-17
2070,5000,0.6
2090,98971,-18.5
2100,2474,-19.6
2105,2151,11.7
2110,32113,-3.5
2122,58533,-2.9
2130,13918,-2.2
2150,13345,-24.1
2158,8303,-8.3
2164,1587,-25
2170,107610,3.2
2180,10008,-5.8
2185,9872,-4.7
2188,7671,-23.7
2195,3221,-5.6
2198,6422,-13
2220,8647,-10
2230,1148,-1.7
2240,6918,-2.5
2261,9164,-13.6
2275,2503,9.6
2282,604,-11.6
2290,5327,-12.5
4000,7171646,13.7
4001,71818,0.1
4003,126770,13.3
4005,142854,7.4
4007,53889,9.1
4009,38072,9.2
4011,9483,-8.8
4012,21098,21.9
4013,4410824,13.6
4015,209550,18.6
4017,110445,8.1
4019,1039073,9.9
4021,447138,31
4023,46511,-9.5
4025,231993,22.1
4027,212128,4.8
5000,3013825,1.6
5001,17769,-8
5003,20046,-12.7
5005,41619,15.8
5007,272608,15.6
5009,37480,-0.8
5011,10897,4.8
5013,5277,9
5015,28223,8.9
5017,10438,-15.8
5019,22061,-4.6
5021,14847,-3.3
5023,24965,3.5
5025,8018,-20.1
5027,23537,-5.8
5029,20891,1.9
5031,108558,10
5033,63406,7
5035,48342,-11.3
5037,16676,-10.7
5039,7182,-22.7
5041,11512,-17
5043,18328,-3.3
5045,124806,6.4
5047,17810,-1.1
5049,12269,21.7
5051,99154,10.1
5053,18188,5.3
5055,45325,6.3
5057,21741,-10.2
5059,33701,4.1
5061,13341,-3
5063,37678,6.4
5065,13593,-0.6
5067,16811,-14
5069,68114,-17.1
5071,26742,5.4
5073,6682,-17.9
5075,16434,-5.7
5077,8985,-13.9
5079,13383,-3
5081,12326,-4.4
5083,21737,0.1
5085,73657,7.2
5087,16481,1.9
5089,16722,22.2
5091,43592,-8.9
5093,41239,-21.9
5095,6900,-17.1
5097,8924,9
5099,8326,-0.4
5101,7805,-0.1
5103,23606,-4.6
5105,10352,3.8
5107,18029,-30.3
5109,10673,-2.4
5111,23974,-5.8
5113,20049,-3.3
5115,64000,2.1
5117,8074,-17.5
5119,392680,-5.8
5121,17948,18.8
5123,25439,-19.2
5125,121421,12.3
5127,10319,-4.3
5129,7958,3.8
5131,127753,-4.1
5133,17139,-8.1
5135,17366,13
5137,12457,-1
5139,39126,-5.8
5141,16603,11
5143,236961,10.5
5145,78727,-3.8
5147,6490,-14.4
5149,21535,-2.6
6000,39557045,-1
6001,1666753,0.4
6003,1101,-20.7
6005,39383,24.6
6007,231256,8.5
6009,45602,2.6
6011,21627,-11.3
6013,1150215,1.6
6015,27828,13.3
6017,190678,10.9
6019,994400,0.3
6021,28047,-1.9
6023,136373,-1.7
6025,181827,-8.7
6027,17987,3.2
6029,896764,0.7
6031,151366,2.3
6033,64382,4.8
6035,30802,-12.5
6037,10105518,-6.3
6039,157672,3
6041,259666,-0.7
6043,17471,2.6
6045,87606,-2.5
6047,274765,4.2
6049,8777,-6.2
6051,14250,-4.8
6053,435594,-7.4
6055,139417,-7.1
6057,99696,4
6059,3185968,-3.1
6061,393149,18.5
6063,18804,7.4
6065,2450758,8.6
6067,1540975,3.9
6069,61537,14.5
6071,2171603,1.4
6073,3343364,-0.2
6075,883305,2.1
6077,752660,7.4
6079,284010,3.7
6081,769545,-3.5
6083,446527,-2.7
6085,1937570,-3.5
6087,274255,-5.8
6089,180040,3.7
6091,2987,-2.7
6093,43724,1.1
6095,446610,2.7
6097,499942,-7.4
6099,549815,1.7
6101,96807,-1.6
6103,63916,1.2
6105,12535,-10.4
6107,465861,-2.5
6109,54539,11.3
6111,850967,-3.5
6113,220408,4.5
6115,78041,7.1
8000,5695564,9.1
8001,511868,7.1
8003,16683,2.8
8005,651215,5.1
8007,13765,29.8
8009,3585,8.7
8011,5882,6.5
8013,326078,3.8
8014,69267,10.4
8015,20027,20
8017,1876,5.9
8019,9605,1.3
8021,8200,3.4
8023,3828,13.4
8025,5858,12.9
8027,4954,17.5
8029,30953,16.6
8031,716492,8.8
8033,2074,10.2
8035,342776,14.6
8037,54993,-8.8
8039,26282,18.1
8041,713856,11.5
8043,48021,12
8045,59770,3.3
8047,6121,12.3
8049,15525,7
8051,17246,14.2
8053,811,27.5
8055,6889,43.3
8057,1399,13.7
8059,580233,5.1
8061,1383,11.6
8063,7163,-0.6
8065,7824,2.7
8067,56310,10.8
8069,350518,15.4
8071,14503,20.7
8073,5610,12.2
8075,21528,-7.7
8077,153207,10.3
8079,776,23.5
8081,13188,1.1
8083,26158,1.2
8085,42214,10.4
8087,28558,5.7
8089,18432,1.7
8091,4833,3.9
8093,18556,34
8095,4286,-2.3
8097,17950,-5.8
8099,12164,2.5
8101,167529,6.6
8103,6336,-14
8105,11250,-4.2
8107,25733,11
8109,6843,26.7
8111,762,63.8
8113,8191,11.6
8115,2303,-12.5
8117,31007,-6.8
8119,25083,17.6
8121,4909,-6.3
8123,314305,20.7
8125,10020,-4.7
9000,3572665,-1.4
9001,943823,-2.5
9003,892697,-1.3
9005,181111,-0.9
9007,162682,0.6
9009,857620,-1.1
9011,266784,-3.9
9013,150921,-0.7
9015,117027,5.5
10000,967171,9
10001,178550,9.6
10003,559335,2.6
10005,229286,24.4
11000,702455,3.8
11001,702455,3.8
12000,21299325,14.6
12001,269956,8.7
12003,28355,2.4
12005,185287,5.3
12007,27732,23.8
12009,596849,18.1
12011,1951260,5.6
12013,14587,12.4
12015,184998,28.4
12017,147929,26.8
12019,216072,16.4
12021,378488,17.9
12023,70503,10.5
12027,37489,5.3
12029,16700,8.6
12031,950181,8.6
12033,315534,5.8
12035,112067,23.8
12037,11736,-1
12039,45894,-3
12041,18256,22.1
12043,13724,12.4
12045,16164,6.6
12047,14310,-6.5
12049,27245,-4.3
12051,41556,3.8
12053,190865,27.9
12055,105424,20
12057,1436888,14.7
12059,19477,3
12061,157413,25.2
12063,48305,1.1
12065,14288,12.4
12067,8732,14.3
12069,356495,35.3
12071,754610,21.7
12073,292502,0.6
12075,40770,15.1
12077,8457,24
12079,18529,5
12081,394855,25.8
12083,359977,21.8
12085,160912,11.9
12086,2761581,2.6
12087,75027,-20.7
12089,85832,36.3
12091,207269,13.5
12093,41537,7.8
12095,1380645,14.4
12097,367990,36.8
12099,1485941,11.1
12101,539630,29.4
12103,975280,10.7
12105,708009,30.5
12107,74163,12.4
12109,254261,40.9
12111,321128,25.5
12113,179349,27.8
12115,426718,23.9
12117,467832,9.8
12119,128754,41.4
12121,44191,4.1
12123,21623,-8.1
12125,14940,-29.3
12127,547538,21.2
12129,32461,9.2
12131,71375,42.4
12133,24880,12.8
13000,10519475,6.1
13001,18507,3.1
13003,8297,4
13005,11185,-7.7
13007,3092,-29
13009,44823,0.1
13011,18988,16.4
13013,80809,19.7
13015,106408,9.5
13017,16787,-12.4
13019,19252,6.8
13021,153095,-1.1
13023,12838,4.7
13025,18897,6.4
13027,15513,-7.3
13029,38109,21.6
13031,77296,11.6
13033,22423,-7.3
13035,24193,5.8
13037,6352,-7.2
13039,53677,3.6
13043,10836,10.6
13045,118121,1.8
13047,67420,13.5
13049,12968,9.5
13051,289195,-4.1
13053,10684,19.5
13055,24790,3.4
13057,254149,20.2
13059,127330,-0.6
13061,2887,-20.2
13063,289615,10
13065,6648,-8
13067,756865,-0.7
13069,43093,0.6
13071,45592,-1.9
13073,154291,12.1
13075,17162,-4
13077,145864,15.2
13079,12318,6.3
13081,22601,-4.7
13083,16226,0.9
13085,25083,29.3
13087,26575,-5.1
13089,756558,-1.8
13091,20705,0.8
13093,13706,3.2
13095,91243,17.2
13097,145331,7
13099,10247,-3.4
13101,4000,12.6
13103,62190,30.1
13105,19120,3
13107,22612,4.9
13109,10721,-5.6
13111,25964,30.4
13113,113459,7.1
13115,97927,4.4
13117,236612,29.5
13119,23023,8.7
13121,1050114,5.7
13123,30816,15.1
13125,2995,-17.5
13127,85219,4.7
13129,57685,6.2
13131,24748,-1.7
13133,17698,31.8
13135,927781,3
13137,45388,17.1
13139,202148,8.6
13141,8348,-14.6
13143,29533,11
13145,34475,17.3
13147,26099,14.9
13149,11879,9.2
13151,230220,17
13153,155469,10.8
13155,9398,3.6
13157,70422,35.1
13159,14040,10.2
13161,15029,-2.5
13163,15430,-9.7
13165,8683,-9.3
13167,9708,-4.6
13169,28616,8
13171,19000,19.7
13173,10340,-11.4
13175,47325,-1.6
13177,29764,8.7
13179,61497,-21.1
13181,7915,10.3
13183,18998,4.7
13185,116321,2.6
13187,32955,4.7
13189,21531,1.3
13191,14340,18
13193,13143,-4.5
13195,29650,10.7
13197,8351,-5.8
13199,21068,3.9
13201,5686,-23.1
13205,22192,-6.3
13207,27520,14.9
13209,9193,12.2
13211,18853,22.8
13213,39921,0.9
13215,194160,-2.1
13217,109541,10.8
13219,39272,29.6
13221,15054,12
13223,164044,23.3
13225,27297,13.5
13227,31980,15.7
13229,19389,7.1
13231,18634,23
13233,42470,11.6
13235,11069,-10
13237,21809,6.4
13239,2279,-28.5
13241,16867,22.6
13243,6833,-22.4
13245,201554,-3.6
13247,90594,5.2
13249,5236,-5.5
13251,13938,-1.4
13253,8315,4.5
13255,66100,10.5
13257,26035,12.3
13259,6199,6.8
13261,29733,-3.2
13263,6272,7.5
13265,1608,-4.3
13267,25391,1
13269,8039,-8.9
13271,15876,1.4
13273,8611,-11
13275,44448,-5.5
13277,40571,-0.1
13279,26887,-1.6
13281,11852,34.1
13283,6809,8.3
13285,70034,-2.2
13287,7912,-0.5
13289,8188,-2.7
13291,24001,29.9
13293,26215,3
13295,69410,6.8
13297,93503,19.6
13299,35680,-1.9
13301,5251,-5.5
13303,20386,5.3
13305,29808,0.8
13307,2611,3.1
13309,7879,-9.2
13311,29970,18.2
13313,104062,-4.8
13315,8812,4.4
13317,9876,4.8
13319,9036,10.7
13321,20299,-10.3
15000,1420491,-5.9
15001,200983,6.2
15003,980080,-10.3
15005,88,0
15007,72133,2.8
15009,167207,1.9
16000,1754208,14.8
16001,469966,23.9
16003,4250,26.7
16005,87138,11.6
16007,6050,0.2
16009,9226,7.6
16011,46236,1.1
16013,22601,10.7
16015,7634,36.7
16017,44727,25
16019,116854,9.6
16021,11948,0.8
16023,2611,-0.4
16025,1127,26.1
16027,223499,22.6
16029,7060,2.1
16031,23864,-1.4
16033,852,-41.5
16035,8758,14.9
16037,4280,28.2
16039,27259,6.3
16041,13726,10.4
16043,13168,-2.4
16045,17634,16
16047,15196,-3.6
16049,16513,9.4
16051,29439,21.5
16053,24015,1
16055,161505,22.8
16057,40134,4.8
16059,7961,14.7
16061,3861,-9.8
16063,5360,-3.6
16065,39304,-26.1
16067,20825,-5.5
16069,40408,0.5
16071,4488,13.3
16073,11693,0.9
16075,23551,10.7
16077,7768,7.9
16079,12796,22.2
16081,11640,8.7
16083,86081,3.7
16085,11041,29.5
16087,10161,8.4
17000,12741080,-6.5
17001,65691,-5.2
17003,6060,-36.6
17005,16630,1.3
17007,53577,-2.3
17009,6556,-8.5
17011,32993,-3.8
17013,4802,-4.4
17015,14312,-7.8
17017,12260,-18.9
17019,209983,-5
17021,32661,-8.6
17023,15596,-11.7
17025,13253,0.2
17027,37639,0.6
17029,50885,-9.1
17031,5180493,-8.6
17033,18807,-6.3
17035,10808,-6.3
17037,104143,-3.3
17039,15769,-5.2
17041,19479,-11.3
17043,928589,-6.4
17045,17360,0.2
17047,6392,-13.5
17049,34208,-0.9
17051,21416,-7.4
17053,13264,-2.5
17055,38701,-6.1
17057,34844,-4.1
17059,5058,4.3
17061,13044,-6.6
17063,50972,3.6
17065,8163,-1.2
17067,17844,-5.7
17069,3910,1.5
17071,6709,-12.9
17073,49090,-2.1
17075,27604,-7.4
17077,57419,-11.8
17079,9611,6.2
17081,37820,-8.6
17083,21847,-2.5
17085,21366,-3.7
17087,12456,4.8
17089,534216,-3.8
17091,110024,-5.8
17093,127915,5.2
17095,50112,-9.5
17097,700832,-7
17099,109430,-2.2
17101,15765,-10.6
17103,34223,-6.1
17105,35761,-10.2
17107,28925,-2.3
17109,29955,-11
17111,308570,-1.1
17113,172828,-4.3
17115,104712,-8.7
17117,45313,-2
17119,264461,-4.1
17121,37620,-7.2
17123,11534,-10.3
17125,13565,-5.7
17127,14080,-14.4
17129,12288,1.4
17131,15601,0.5
17133,34335,4.7
17135,28601,-1.4
17137,33976,-5
17139,14717,-2.8
17141,50923,-3.4
17143,180621,-13.9
17145,21174,-4.8
17147,16396,-4.8
17149,15611,-4.5
17151,4212,5.7
17153,5463,-16.5
17155,5740,6.3
17157,32106,-2.7
17159,15763,-6.5
17161,143477,-7.3
17163,261059,-6.7
17165,23906,-4.6
17167,195348,-7.9
17169,6907,-7.1
17171,4926,-9.3
17173,21741,-0.5
17175,5427,-5
17177,44753,-2.6
17179,132328,-8
17181,16841,-5.1
17183,76806,-13
17185,11549,-2.5
17187,17032,-9.5
17189,13995,2.9
17191,16332,-5.6
17193,13665,-14.8
17195,55626,-5
17197,692310,-2.4
17199,67056,0.1
17201,284081,-5.1
17203,38463,-5.7
18000,6691878,1.9
18001,35636,-5.5
18003,375351,3.3
18005,82753,0
18007,8653,0.6
18009,11930,-5.3
18011,66999,12.7
18013,15234,18.5
18015,20127,3
18017,37955,-0.2
18019,117360,3.8
18021,26170,0.2
18023,32250,-2.4
18025,10558,4.1
18027,33147,-3.5
18029,49568,-2
18031,26794,2
18033,43226,6.6
18035,114772,-5
18037,42565,-1.9
18039,205560,-0.7
18041,23047,-1.3
18043,77781,8.8
18045,16351,-2.3
18047,22736,-1.9
18049,20092,2.9
18051,33452,-5.7
18053,65936,-2.9
18055,32006,-2
18057,330086,15.3
18059,76351,16.5
18061,40350,10.4
18063,167009,15.8
18065,48271,2.5
18067,82366,0.4
18069,36240,-0.6
18071,44111,-0.8
18073,33370,-3.9
18075,20764,-8.8
18077,32208,4.2
18079,27611,-0.9
18081,156225,10.9
18083,36895,-6.6
18085,79344,0.6
18087,39330,-8.7
18089,484411,-1.5
18091,110007,0.7
18093,45668,2.5
18095,129641,1.4
18097,954670,-0.1
18099,46248,-6.4
18101,10217,1.8
18103,35567,-6.1
18105,146917,-1
18107,38346,-3
18109,70116,2.8
18111,14011,-2.5
18113,47532,0.4
18115,5844,3.9
18117,19489,4.7
18119,20845,5.2
18121,16927,0.3
18123,19102,4.9
18125,12410,7.1
18127,169594,5.8
18129,25540,-1
18131,12469,-3.3
18133,37779,3
18135,24851,-4.4
18137,28523,-0.1
18139,16663,-0.5
18141,270771,-0.8
18143,23878,2.1
18145,44593,3.4
18147,20327,-2.2
18149,22935,0.7
18151,34586,3
18153,20690,0.2
18155,10717,3.4
18157,193048,1.2
18159,15128,-0.5
18161,7037,-17.3
18163,180974,-1
18165,15479,2.8
18167,107386,-3.4
18169,31280,-2.2
18171,8263,8.5
18173,62567,0.6
18175,27943,5.3
18177,65936,-1.1
18179,28206,2.7
18181,24133,-1.9
18183,34074,6.2
19000,3156145,0.9
19001,7063,2.3
19003,3645,-1.9
19005,13832,1.2
19007,12437,7.8
19009,5506,-11
19011,25642,-1.8
19013,132408,-3.4
19015,26346,-3.8
19017,24947,3.7
19019,21199,-0.8
19021,19874,-19.1
19023,14539,0.3
19025,9699,-2.3
19027,20154,-5.8
19029,12930,-12
19031,18627,3.8
19033,42647,-6.6
19035,11321,1.2
19037,11964,-8.2
19039,9423,7.1
19041,16134,-2.5
19043,17556,-4.7
19045,46518,-8.6
19047,17158,-2.6
19049,90180,24.2
19051,9017,-7
19053,7890,-8
19055,17069,-6.3
19057,39138,-4.8
19059,17153,1.5
19061,96854,-4.1
19063,9253,-16.3
19065,19660,-1.5
19067,15761,-0.2
19069,10124,-5
19071,6993,5.9
19073,8981,1.7
19075,12304,-1.6
19077,10720,6.6
19079,14952,-8.3
19081,10712,-4.7
19083,16868,-4.4
19085,14134,0.2
19087,20067,-1
19089,9187,-2.8
19091,9547,-2.4
19093,6841,2.8
19095,16141,1.7
19097,19432,3.5
19099,37147,4.1
19101,18381,9.9
19103,151260,6.5
19105,20744,2.8
19107,10225,6.9
19109,14908,-4.6
19111,34055,-5.6
19113,225909,2.8
19115,11169,-4.6
19117,8645,8.3
19119,11811,-3.3
19121,16249,12.4
19123,22000,-10.3
19125,33407,8.2
19127,39981,-5.8
19129,15063,-0.4
19131,10569,2.3
19133,8679,-2.8
19135,7790,-2.3
19137,10003,-9.4
19139,42929,-2.9
19141,13840,2.8
19143,6040,-1.7
19145,15249,1.5
19147,8929,-13.8
19149,25095,-1.2
19151,6740,-14.1
19153,487204,5.9
19155,93533,-2
19157,18699,9.2
19159,4968,-13
19161,9719,-6.8
19163,173283,-0.1
19165,11578,2.1
19167,34909,-4.5
19169,98105,4.8
19171,16904,-10.8
19173,6191,8.8
19175,12359,-11.1
19177,7020,-20.6
19179,35205,0.9
19181,51056,16.1
19183,22141,-8.1
19185,6401,-14
19187,36277,-10.3
19189,10518,-6.5
19191,20029,-4.7
19193,102539,-0.6
19195,7453,-3.9
19197,12690,-4.4
20000,2911505,-3.6
20001,12444,-3
20003,7878,1.4
20005,16193,-8.2
20007,4472,-23.9
20009,26111,-12.5
20011,14653,-4.1
20013,9598,-0.4
20015,66765,-2.7
20017,2629,-16.6
20019,3309,0
20021,20015,-2.5
20023,2660,-12
20025,2005,1
20027,7997,-2.5
20029,8729,-18.7
20031,8233,-0.6
20033,1748,-8
20035,35218,-3
20037,39019,-2.7
20039,2871,0
20041,18717,-7.1
20043,7682,2.6
20045,121436,2.7
20047,2849,-16.4
20049,2508,-5.2
20051,28710,-5.4
20053,6196,-16.6
20055,36611,-17.8
20057,33888,-23.2
20059,25631,-2.4
20061,32594,-51.7
20063,2612,-5.7
20065,2492,3.6
20067,7336,-34.5
20069,6033,0.2
20071,1227,-6.5
20073,6055,-4.6
20075,2607,-11.5
20077,5506,-7
20079,34210,-6.5
20081,3997,-15.7
20083,1818,-16.9
20085,13280,-5.6
20087,18975,-3.4
20089,2841,-3.5
20091,597555,5.2
20093,3943,-8.1
20095,7310,3.8
20097,2516,0.8
20099,19964,-12
20101,1560,10.3
20103,81352,-0.4
20105,3023,-8.9
20107,9750,8.7
20109,2844,-4.9
20111,33406,-2.1
20113,28537,-3.4
20115,11950,0.1
20117,9722,2.6
20119,4146,-32.8
20121,33680,6.6
20123,6150,-4.4
20125,32120,-8.3
20127,5521,12.7
20129,2667,-27
20131,10155,1.1
20133,15951,-6.9
20135,2840,-12.2
20137,5430,-0.2
20139,15941,8.6
20141,3475,-20.8
20143,5802,-5.2
20145,6562,-14.7
20147,5317,-15.1
20149,24277,4.3
20151,9378,-16.9
20153,2508,4.8
20155,62342,-4.7
20157,4664,1.7
20159,9531,-7.6
20161,73703,-11.4
20163,5013,-8.9
20165,3093,6.2
20167,6907,-1
20169,54401,-4.7
20171,4897,-8.3
20173,513607,-4.3
20175,21780,-32.1
20177,177499,-5.5
20179,2533,-4.3
20181,5899,-7.6
20183,3603,-8
20185,4178,-6.7
20187,1987,-21.9
20189,5559,-9
20191,22996,-4.3
20193,7711,-23
20195,2793,-13.8
20197,6899,6.8
20199,1503,-25.8
20201,5420,-5.3
20203,2105,-13.2
20205,8665,-4.5
20207,3183,15.5
20209,165324,-7
21000,4468402,1.5
21001,19215,-2.6
21003,21122,10.7
21005,22663,3.6
21007,7979,-0.4
21009,44176,7.5
21011,12383,0.8
21013,26569,-11.4
21015,131533,2
21017,20184,2.7
21019,47240,-8.5
21021,30100,4.9
21023,8239,-1.5
21025,12726,-11.2
21027,20388,9.5
21029,81069,7.5
21031,12772,-3.6
21033,12715,3.9
21035,39135,7.7
21037,93152,4.5
21039,4771,-12.5
21041,10737,-2
21043,27004,-6
21045,15888,6.7
21047,71671,-5.6
21049,36249,7.3
21051,20105,-7.6
21053,10206,-2.9
21055,8915,-9.8
21057,6659,2.1
21059,101104,2.7
21061,12274,4.4
21063,7508,-0.3
21065,14198,1.3
21067,323780,-0.2
21069,14432,0.1
21071,35845,-7.8
21073,50815,5.4
21075,6120,-11.2
21077,8832,5.1
21079,17560,2.9
21081,25121,-1
21083,37317,1.5
21085,26321,2.5
21087,11049,-0.7
21089,35268,-2.2
21091,8758,-6
21093,110356,15.4
21095,26409,-9.6
21097,18778,1.8
21099,18906,4.8
21101,45591,-8.8
21103,16106,5.7
21105,4421,-16.5
21107,45068,-5
21109,13442,1.4
21111,770517,-2.4
21113,53920,7.6
21115,22386,-4.9
21117,166051,-0.8
21119,15126,-7.4
21121,31304,-3.8
21123,14307,6.1
21125,60669,4.9
21127,15571,-7.5
21129,7033,68.3
21131,10143,-10.8
21133,21899,-18
21135,13257,-6.5
21137,24644,2.9
21139,9242,1.3
21141,26989,-2
21143,8009,-4.3
21145,65346,0
21147,17408,-2.9
21149,9252,5.3
21151,92368,9.7
21153,12362,-12.6
21155,19404,2.6
21157,31191,0.1
21159,11323,-11.3
21161,17150,-5.4
21163,28715,21.2
21165,6451,0.2
21167,21774,9.4
21169,10030,-2.7
21171,10718,12.9
21173,28203,5.6
21175,13345,12.3
21177,30774,-2.5
21179,45851,2.3
21181,7166,6.2
21183,24087,-3.2
21185,66470,-2.7
21187,10880,8.4
21189,4472,14
21191,14529,-2
21193,26092,-11.4
21195,58402,-3.6
21197,12442,9
21199,64623,5.6
21201,2135,5.2
21203,16750,4.4
21205,24583,-1.3
21207,17821,5.8
21209,56031,17.3
21211,48518,16.2
21213,18529,19.6
21215,18794,16.9
21217,25549,-1.1
21219,12311,6.8
21221,14643,17.1
21223,8515,-6.1
21225,14505,-7.9
21227,131264,12.3
21229,12084,12.5
21231,20468,-8.2
21233,13111,1.2
21235,36242,0.1
21237,7177,-6.1
21239,26533,3.2
22000,4659978,-5.3
22001,62190,-7.6
22003,25605,-3.2
22005,124672,6.8
22007,22300,-13.3
22009,40462,-11.9
22011,37253,9.7
22013,13308,-20.1
22015,127185,-3.7
22017,242922,-14.2
22019,203112,-0.7
22021,9960,2.2
22023,6968,6
22025,9608,-22.7
22027,15944,-1.6
22029,19572,-14.1
22031,27436,5.7
22033,440956,-10.4
22035,7037,-18.6
22037,19305,-2.7
22039,33443,-8.1
22041,20156,-5.7
22043,22482,5.2
22045,70941,-17.8
22047,32721,-7.5
22049,15902,3.7
22051,434051,-8.2
22053,31582,2.3
22055,242782,0.1
22057,98115,-4
22059,14917,-0.3
22061,47196,-9.4
22063,139567,6.4
22065,11161,-15.6
22067,25398,-11.2
22069,38659,-13.2
22071,391006,-3.7
22073,154475,-11
22075,23410,-2
22077,21940,-12.7
22079,130562,-7.9
22081,8477,-0.2
22083,20192,-10.6
22085,24032,-1.3
22087,46721,8.7
22089,52879,-0.1
22091,10262,-12.2
22093,21037,-13.6
22095,43184,-6.4
22097,82764,-10.6
22099,53621,-12.5
22101,49774,-19.8
22103,258111,6.3
22105,133777,6.6
22107,4462,-24.3
22109,111021,-9.2
22111,22330,-5.5
22113,59830,-3.6
22115,48860,-45
22117,46582,-0.2
22119,38798,-10.3
22121,26427,2.2
22123,10982,3.6
22125,15460,6.3
22127,14134,-11.8
23000,1338404,3.8
23001,107679,-0.3
23003,67111,-3.5
23005,293557,3.7
23007,29897,5.2
23009,54811,7
23011,122083,3.2
23013,39771,0.1
23015,34342,8.9
23017,57618,6.4
23019,151096,0.3
23021,16800,4
23023,35634,8.1
23025,50592,5.4
23027,39694,0.1
23029,31490,2.7
23031,206229,9
24000,6042718,-0.3
24001,70975,-2
24003,576031,3.8
24005,828431,-1.5
24009,92003,5.4
24011,33304,4.6
24013,168429,4.3
24015,102826,1.6
24017,161503,8.7
24019,31998,-3.1
24021,255648,14.6
24023,29163,-0.8
24025,253956,6.4
24027,323196,6.7
24029,19383,5
24031,1052567,-1.9
24033,909308,-5
24035,50251,9.8
24037,112664,-2.3
24039,25675,-8.2
24041,36968,2.7
24043,150926,3.5
24045,103195,6.2
24047,51823,10.3
24510,602495,-13.8
25000,6902149,4
25001,213413,6.1
25003,126348,2.9
25005,564022,5.9
25007,17352,-0.1
25009,790638,5
25011,70963,4.4
25013,470406,3.8
25015,161355,2.5
25017,1614714,3
25019,11327,-4.5
25021,705388,4.1
25023,518132,5.3
25025,807252,2.2
25027,830839,4.4
26000,9995915,0.5
26001,10362,15
26003,9097,1.2
26005,117327,3.9
26007,28360,1
26009,23365,7.1
26011,15041,6
26013,8320,-8.1
26015,61157,7.8
26017,103923,-1.2
26019,17753,11.4
26021,154141,-1.1
26023,43622,2.9
26025,134487,-0.7
26027,51653,5.7
26029,26244,3.5
26031,25413,7.5
26033,37517,-3.8
26035,30757,8.1
26037,79332,6.8
26039,13901,2.7
26041,35857,2.1
26043,25383,-0.6
26045,109826,2
26047,33308,6.2
26049,406892,-2.1
26051,25337,8.6
26053,15096,-9.7
26055,92573,7.7
26057,40599,-8.5
26059,45749,-3.6
26061,36219,-5
26063,31166,1.4
26065,292735,-2.6
26067,64210,-2.7
26069,25081,5.7
26071,11117,8.1
26073,70562,-10.1
26075,158823,0.2
26077,264870,3.6
26079,17824,14
26081,653786,1
26083,2113,5.7
26085,11881,-3.5
26087,88028,-0.6
26089,21764,6.4
26091,98266,-2.5
26093,191224,5.9
26095,6283,-5.2
26097,10787,7.1
26099,874759,2.4
26101,24528,7.2
26103,66516,-0.2
26105,29100,4
26107,43545,3.8
26109,22983,1.7
26111,83209,-1.2
26113,15113,4.2
26115,150439,5.4
26117,63968,5.2
26119,9265,14.9
26121,173588,-2.1
26123,48892,11.2
26125,1259201,0.4
26127,26625,5
26129,20952,4.8
26131,5795,0.2
26133,23341,4.4
26135,8276,4.2
26137,24665,5.4
26139,290494,7.3
26141,12738,3.5
26143,23884,13.7
26145,190800,-6.2
26147,159337,2.2
26149,61043,0.9
26151,41182,0.9
26153,8068,7.8
26155,68192,-3.6
26157,52516,-2.5
26159,75448,1.2
26161,370963,1.4
26163,1753893,-3.6
26165,33466,5.3
27000,5611179,3.1
27001,15902,11.7
27003,353813,3.5
27005,34371,7.5
27007,46847,2.9
27009,40545,4.5
27011,4989,-2
27013,67427,4.3
27015,25111,-1.9
27017,35837,8.5
27019,103551,7.4
27021,29519,6.2
27023,11924,-3.2
27025,55922,9.3
27027,63955,-2.5
27029,8810,-5.6
27031,5393,1.5
27033,11277,1
27035,64889,9
27037,425423,2.5
27039,20822,-0.2
27041,37964,10.7
27043,13758,0.6
27045,21058,1.6
27047,30444,-1.7
27049,46403,0.6
27051,6021,11.5
27053,1259428,2.9
27055,18578,-5.9
27057,21332,15
27059,39966,6.6
27061,45108,-0.5
27063,9911,-8.8
27065,16207,8.4
27067,42855,-2.2
27069,4248,1.9
27071,12440,-4.2
27073,6658,-1.2
27075,10658,15.9
27077,3758,6.4
27079,28494,8
27081,5673,-1.6
27083,25629,-17.9
27085,35873,-2
27087,5519,-17.5
27089,9390,-0.6
27091,19785,-3.5
27093,23141,2.5
27095,26139,7.3
27097,33169,0.9
27099,40011,5.1
27101,8276,-8.7
27103,34220,1.6
27105,21924,-3.8
27107,6475,-13.8
27109,156277,4.4
27111,58812,9.3
27113,14178,-3
27115,29483,10.5
27117,9047,-6.8
27119,31529,-8.9
27121,11097,8.4
27123,550210,2.4
27125,3999,-8.7
27127,15249,-0.3
27129,14612,-5.3
27131,66523,1.4
27133,9414,-5.3
27135,15150,-13.2
27137,199754,0.3
27139,147381,4.1
27141,96036,8.7
27143,15028,5.9
27145,159256,1.6
27147,36803,-3.2
27149,9753,4.4
27151,9345,-5.9
27153,24582,-3.5
27155,3308,0
27157,21645,0
27159,13773,8.2
27161,18691,-4.5
27163,259201,9.4
27165,10980,1.6
27167,6254,-10.7
27169,50825,2.3
27171,136349,8.9
27173,9795,-5.6
28000,2986530,-2.7
28001,31192,-2.8
28003,36925,-6.2
28005,12326,-7.4
28007,18365,-6.5
28009,8271,-2.4
28011,31333,-18.3
28013,14436,-4.9
28015,9911,-18.7
28017,17171,-2.3
28019,8278,3.6
28021,9002,-7.1
28023,15604,-13.6
28025,19386,-12.3
28027,22628,-27.1
28029,28543,-0.2
28031,18853,-11
28033,182001,12.9
28035,75036,-5.7
28037,7788,0
28039,24250,7.6
28041,13586,4
28043,21055,0.5
28045,47334,7.4
28047,206650,4.9
28049,237085,-15.9
28051,17622,-12.7
28053,8257,-9.3
28055,1308,-28.7
28057,23517,0.2
28059,143277,4.8
28061,16428,-8.1
28063,7106,-18.6
28065,11234,-4
28067,68461,1.2
28069,10027,-7.2
28071,54793,7.9
28073,62447,10.9
28075,75317,-14.6
28077,12455,-14.6
28079,22763,-3.5
28081,85202,0.1
28083,28919,-17.1
28085,34205,-3.2
28087,58930,-6.7
28089,105630,7.9
28091,24715,-13.6
28093,35451,-3.5
28095,35564,-7.4
28097,10023,-15.5
28099,29125,-10.4
28101,21443,0.6
28103,10535,-21.5
28105,49599,-6
28107,34178,-0.6
28109,55387,3.6
28111,11931,-9.3
28113,39563,-1.1
28115,31833,1.1
28117,25315,2
28119,7051,-23.5
28121,153902,3.2
28123,28287,-9.5
28125,4377,-10.2
28127,26758,-5.7
28129,16002,-5.6
28131,18717,3.5
28133,25735,-15
28135,13987,-10.5
28137,28759,2.1
28139,21995,2.1
28141,19454,-2
28143,9944,-13
28145,28606,1.1
28147,14465,-3.7
28149,46176,-13.7
28151,45063,-25
28153,20298,-8.4
28155,9788,5.4
28157,8792,-3.6
28159,18165,-1.4
28161,12392,-4.7
28163,28248,-8.8
29000,6126452,0.9
29001,25339,-1.8
29003,17607,9.1
29005,5171,-9.6
29007,25473,-7.6
29009,35886,4.6
29011,11798,-0.8
29013,16320,1.7
29015,19278,18.7
29017,12169,-6.3
29019,180005,3.1
29021,88571,-6.1
29023,42639,1.1
29025,9108,3.2
29027,44889,-1.9
29029,45815,12
29031,78753,4
29033,8743,-4.2
29035,6054,-15.7
29037,104954,11
29039,14165,6.3
29041,7451,0.4
29043,86983,15.1
29045,6842,16.1
29047,246365,10.6
29049,20470,-4.9
29051,76796,-1
29053,17603,-2.2
29055,23957,-3.6
29057,7569,0.3
29059,16762,3.9
29061,8313,-8.5
29063,12630,1
29065,15441,3.2
29067,13373,8.6
29069,29423,-20.3
29071,103670,2.1
29073,14705,2.4
29075,6628,-3.6
29077,291923,4.5
29079,9914,-6.2
29081,8414,-11.5
29083,21792,6.5
29085,9509,13.5
29087,4404,3.2
29089,10137,-2.7
29091,40076,0.9
29093,10177,4
29095,700307,0.1
29097,120636,1
29099,224347,1.2
29101,53652,-7.7
29103,3947,-7.3
29105,35713,3.5
29107,32598,-0.2
29109,38359,-0.1
29111,9855,-11.3
29113,57686,22.2
29115,12037,-8.6
29117,15146,0.9
29119,23078,7.2
29121,15153,-5
29123,12188,-0.7
29125,8769,-2.3
29127,28592,-2.3
29129,3641,-14.8
29131,25336,3.6
29133,13336,-14
29135,16121,4.4
29137,8664,5.3
29139,11534,11.9
29141,20358,13.8
29143,17296,-14.6
29145,58266,-1.1
29147,22304,-7.7
29149,10541,2.8
29151,13714,-0.6
29153,9017,-13.8
29155,16272,-33.8
29157,19150,-1.4
29159,42542,-1.9
29161,44732,0
29163,18504,-3.5
29165,102985,11.5
29167,32201,14.7
29169,52014,-5.6
29171,4757,-8.4
29173,10212,-2.3
29175,24763,-8.9
29177,22883,3.5
29179,6254,4.6
29181,13401,-7.8
29183,399182,6.1
29185,9395,5
29186,17888,4.9
29187,66692,2.2
29189,996945,-1
29195,22895,-0.4
29197,4599,11.6
29199,4966,-9.7
29201,38458,-2.7
29203,8189,-6.1
29205,6050,1.8
29207,29206,-1.7
29209,31749,7.7
29211,6221,1.3
29213,55852,11
29215,25571,-4.8
29217,20528,-0.6
29219,34711,7
29221,24943,-2.6
29223,13122,-8.8
29225,39109,5.9
29227,2040,-4.9
29229,18378,0.1
29510,302838,-19.2
30000,1062305,6.5
30001,9404,-4
30003,13338,-14.3
30005,6807,4
30007,6085,24.8
30009,10714,3.1
30011,1238,9.8
30013,81643,-2.2
30015,5745,0.2
30017,11586,-11.7
30019,1747,5.2
30021,8680,-30.3
30023,9131,8.3
30025,2920,-34.4
30027,11113,-13.4
30029,102106,17.3
30031,111876,22.6
30033,1268,-20.3
30035,13747,1.7
30037,826,-3.6
30039,3378,9.5
30041,16347,-16.2
30043,12097,15.5
30045,1952,0.5
30047,30250,-0.6
30049,68700,10.2
30051,2430,3.3
30053,19794,18.8
30055,1675,-20.1
30057,8768,45.5
30059,1866,8.6
30061,4316,17.1
30063,118791,5.3
30065,4651,6.9
30067,16736,18.3
30069,513,2
30071,4074,-14.2
30073,5972,-5.4
30075,1716,-18.5
30077,6968,25.6
30079,1087,-20.9
30081,43172,16.6
30083,10913,-16.7
30085,11059,-15.1
30087,9063,-26.7
30089,11844,15.5
30091,3424,-21.1
30093,34993,2.9
30095,9534,9.2
30097,3710,6.2
30099,6162,3.7
30101,4853,-9.9
30103,679,-3
30105,7437,-2.7
30107,2236,23.5
30109,1034,16.6
30111,160137,3.1
31000,1929268,0.7
31001,31511,-11.5
31003,6336,-6
31005,465,15.2
31007,730,-10.9
31009,476,-10.5
31011,5239,-16.1
31013,10772,-10.2
31015,1955,-1.5
31017,2973,-11
31019,49615,-4.2
31021,6488,-4
31023,8058,2.4
31025,26159,8.4
31027,8446,-8.6
31029,3977,6.6
31031,5761,-8.6
31033,9310,-40.1
31035,6214,-0.8
31037,10881,-3
31039,8940,-4.4
31041,10840,-3.8
31043,20083,-9.7
31045,8716,-20.5
31047,23709,-5.6
31049,1825,-20
31051,5709,-12.6
31053,36791,-2.1
31055,566880,3.2
31057,1770,-6.7
31059,5527,-3.2
31061,3023,11.6
31063,2608,-9.9
31065,4715,-10.8
31067,21493,-5.2
31069,1897,-2.6
31071,1987,-2
31073,1996,-16.4
31075,660,10.7
31077,2356,-5.5
31079,61607,-2.7
31081,9280,3.1
31083,3401,-10.3
31085,916,8.8
31087,2806,1.4
31089,10178,-2.7
31091,682,23.7
31093,6468,7.1
31095,7097,-8.3
31097,5134,-5.2
31099,6544,3.4
31101,8021,-8.6
31103,810,15
31105,3618,7.2
31107,8419,-5
31109,317272,4.6
31111,35185,-5.9
31113,749,-21.2
31115,618,24.5
31117,492,-2
31119,35392,0
31121,7733,-16.3
31123,4686,-25.3
31125,3532,-12.1
31127,6958,-3
31129,4195,-10.4
31131,15985,1.3
31133,2632,-1.1
31135,2929,6.5
31137,8996,-5.4
31139,7142,3.2
31141,33363,-3.4
31143,5278,-13.2
31145,10726,-3.6
31147,7937,-2.1
31149,1360,-47.4
31151,14350,-4.4
31153,184459,7
31155,21303,10.8
31157,35989,-7.9
31159,17318,5.1
31161,5190,-14.5
31163,3038,-16
31165,1187,-19.3
31167,5970,-6.7
31169,5039,6.4
31171,720,-15.2
31173,7303,-1.1
31175,4190,-8.1
31177,20667,14.3
31179,9403,10
31181,3533,10.2
31183,805,-21
31185,13772,-2.4
32000,3034392,16.9
32001,24440,17.1
32003,2231647,17.4
32005,48467,15.2
32007,52460,-5
32009,826,-22.8
32011,2003,22.8
32013,16786,-1.9
32015,5575,-13.1
32017,5201,8.5
32019,55808,34.9
32021,4514,24.5
32023,45346,36.8
32027,6666,30
32029,4029,6.2
32031,465735,15
32033,9475,-13.8
32510,55414,14.5
33000,1356458,4.8
33001,61022,7.3
33003,48779,18.5
33005,76493,5
33007,31589,6.2
33009,89786,-0.4
33011,415247,3.2
33013,151132,6.7
33015,309176,5.4
33017,130090,4.2
33019,43144,3
34000,8908520,-0.4
34001,265429,-3.1
34003,936692,1.2
34005,445384,0
34007,507078,-1
34009,92560,-1.3
34011,150972,-7.4
34013,799767,0.2
34015,291408,1.7
34017,676061,-3.9
34019,124714,1.3
34021,369811,0
34023,829685,-0.9
34025,621354,-1.5
34027,494228,-1.4
34029,601651,8.2
34031,503310,-6.3
34033,62607,-1.8
34035,331164,-0.3
34037,140799,-2.1
34039,558067,0.8
34041,105779,-0.5
35000,2095428,-1.7
35001,678701,-2
35003,3578,6.4
35005,64689,-10.2
35006,26746,-6.7
35007,12110,-6.2
35009,49437,-17
35011,1781,-10.6
35013,217522,0.9
35015,57900,7.5
35017,27346,-10.8
35019,4341,-14.9
35021,655,-46.2
35023,4240,-15.9
35025,69611,0.6
35027,19556,5.6
35028,19101,11.4
35029,23963,-11.6
35031,72290,-7.5
35033,4506,-9.1
35035,66781,3.3
35037,8253,-4.2
35039,39006,-4.7
35041,18743,-13.9
35043,145179,15.5
35045,125043,-18.5
35047,27591,-5.7
35049,150056,2.4
35051,10968,1.1
35053,16735,-10.9
35055,32835,0.4
35057,15591,-1
35059,4118,-17.8
35061,76456,4.4
36000,19542209,-5.6
36001,307117,-2.6
36003,46430,-5.7
36005,1432132,-11.7
36007,191659,-5.8
36009,76840,-4.3
36011,77145,-4.7
36013,127939,-4.2
36015,84254,-6.9
36017,47536,-4.3
36019,80695,1.1
36021,59916,-5.1
36023,47823,-1.9
36025,44527,-5.4
36027,293718,1.7
36029,919719,1.1
36031,37300,-2.5
36033,50293,-2.1
36035,53591,-1.9
36037,57511,-4.1
36039,47491,3.6
36041,4434,1.1
36043,61833,-5.2
36045,111755,-20
36047,2582830,-13.2
36049,26447,-6.6
36051,63227,-3
36053,70795,-0.3
36055,742474,-1.4
36057,49455,4.6
36059,1358343,-1.5
36061,1628701,-3.5
36063,210433,-0.5
36065,229577,-2.1
36067,461809,-1.7
36069,109864,3.5
36071,381951,0.3
36073,40612,-3
36075,117898,-6.2
36077,59749,0.2
36079,98892,-1.3
36081,2278906,-13.4
36083,159442,0.7
36085,476179,-1.1
36087,325695,-6.2
36089,108047,-4.3
36091,230163,3.9
36093,155350,2.1
36095,31097,-2
36097,17912,1.1
36099,34300,-1
36101,95796,-4.2
36103,1481093,-3.1
36105,75498,4.8
36107,48560,-2.2
36109,102793,-0.3
36111,178599,1
36113,64265,-0.6
36115,61197,-2.7
36117,90064,-3.8
36119,967612,-4.2
36121,40085,-6
36123,24841,-5.7
37000,10383620,8.4
37001,166436,15.9
37003,37353,6.6
37005,11161,15.8
37007,24877,0.4
37009,27109,16.8
37011,17505,4.9
37013,47079,4.5
37015,19026,-8.1
37017,33190,-4
37019,136744,49.5
37021,259103,8.2
37023,90382,4.3
37025,211342,17.7
37027,82029,3.6
37029,10710,10.7
37031,69524,13.8
37033,22698,5
37035,158652,5.6
37037,73139,27.4
37039,28383,19.1
37041,14029,4.6
37043,11139,18.3
37045,97645,6.1
37047,55655,-2.4
37049,102912,-1.7
37051,332330,-4.7
37053,27072,26.7
37055,36501,11.5
37057,166614,8.3
37059,42733,8.3
37061,58856,-1.3
37063,316739,9
37065,52005,-13.2
37067,379099,6
37069,67560,21.4
37071,222846,12.9
37073,11573,8.2
37075,8484,-3.2
37077,60115,12.6
37079,21012,2.5
37081,533670,4.9
37083,50574,-10.4
37085,134214,9.1
37087,61971,17.6
37089,116748,14
37091,23659,-7.9
37093,54764,1.5
37095,5230,-2.7
37097,178435,14.5
37099,43327,2.9
37101,202675,27.3
37103,9637,5.8
37105,61452,10.8
37107,55976,-9
37109,83770,17.9
37111,45507,8.8
37113,35285,21
37115,21763,10.9
37117,22671,-1.5
37119,1093901,7.9
37121,15000,7.7
37123,27271,-3.1
37125,98682,15.1
37127,94016,0.2
37129,232274,14.6
37131,19676,-6.3
37133,197683,0.1
37135,146027,12.1
37137,12670,7
37139,39639,1.7
37141,62162,20.8
37143,13422,-0.9
37145,39507,3.9
37147,179914,4
37149,20611,12.4
37151,143351,1.6
37153,44887,2.1
37155,131831,-8.2
37157,90690,1.7
37159,141262,4.8
37161,66826,6.7
37163,63626,1.2
37165,34810,-10.9
37167,62075,10.3
37169,45467,-1.4
37171,71948,-0.2
37173,14245,3.4
37175,34215,15.4
37177,4131,-10.3
37179,235908,15.3
37181,44582,6
37183,1092305,12.6
37185,19807,1.6
37187,11859,-10.6
37189,55945,15.6
37191,123248,-1.4
37193,68557,3.8
37195,81455,-1.3
37197,37543,-1.8
37199,17903,13.5
38000,760077,0.3
38001,2294,-16.4
38003,10542,-10.5
38005,6962,-9.8
38007,919,-7.6
38009,6411,-14.8
38011,3076,-27.3
38013,2100,-23.1
38015,95273,-4.1
38017,181516,11.6
38019,3829,7.3
38021,4903,13.5
38023,2283,-5.2
38025,4332,3.3
38027,2313,-3
38029,3295,-2.4
38031,3216,-14.5
38033,1769,-18.6
38035,70770,-4.1
38037,2374,-4.6
38039,2232,-8
38041,2514,4.4
38043,2450,-14.6
38045,4062,-10.5
38047,1903,-14.1
38049,5816,-15.9
38051,2585,-1.9
38053,13632,54.1
38055,9541,-13.1
38057,8267,-25.1
38059,31095,-0.7
38061,10218,-14.4
38063,2869,-5.5
38065,1952,-1.5
38067,6947,-4.6
38069,4081,-5.4
38071,11481,-7.2
38073,5237,-8
38075,2374,-37.2
38077,16239,-6.2
38079,14301,-24.4
38081,3870,-0.8
38083,1349,-10.4
38085,4358,-18
38087,763,-19.6
38089,30997,13.5
38091,1903,-10.5
38093,20917,-10.5
38095,2192,-31.5
38097,8037,0.9
38099,10667,-13.6
38101,67744,-18.9
38103,3957,-17
38105,35350,44.3
39000,11689442,0.7
39001,27724,-2.9
39003,102663,-5.3
39005,53745,0.6
39007,97493,-1.5
39009,65818,-13.3
39011,45804,-1.7
39013,67505,-2.6
39015,43602,2.5
39017,382378,1.6
39019,27081,-7.4
39021,38754,-1.9
39023,134585,0.6
39025,205466,4.1
39027,42057,1.7
39029,102665,-3
39031,36629,1.1
39033,41550,-2.9
39035,1243857,-4.1
39037,51323,-5.8
39039,38165,-2.2
39041,204826,16.8
39043,74615,-1
39045,155782,5.8
39047,28666,1.2
39049,1310300,4.4
39051,42276,-0.2
39053,29979,-5.5
39055,94031,0
39057,167995,5.6
39059,39022,-0.4
39061,816684,-0.7
39063,75930,-1.4
39065,31480,0.3
39067,15174,0.8
39069,27086,-4.5
39071,43058,2.2
39073,28385,-2.1
39075,43892,-8.6
39077,58504,-1.7
39079,32384,0.1
39081,65767,-4.4
39083,61893,7.9
39085,230514,2.2
39087,59866,-1.5
39089,175769,10.1
39091,45358,1.5
39093,309461,5.6
39095,429899,-4.8
39097,44413,8
39099,229642,0.5
39101,65256,4.7
39103,179146,3.8
39105,23106,1.9
39107,40959,-4.4
39109,106222,7.7
39111,13790,-6.6
39113,532331,0.3
39115,14604,-3.7
39117,35112,4.1
39119,86183,-0.1
39121,14354,-3.3
39123,40769,8.1
39125,18760,-5.3
39127,36033,0.2
39129,58086,6.2
39131,28067,-4
39133,162927,2.3
39135,40997,-2
39137,33780,-5.1
39139,121099,5.5
39141,76931,-5.2
39143,58799,-5.5
39145,75502,-4
39147,55207,-1.2
39149,48627,-4.7
39151,371574,-1
39153,541918,0.3
39155,198627,-6.1
39157,92176,-3.4
39159,57835,12.9
39161,28281,-2.5
39163,13139,3.8
39165,232173,12.3
39167,60155,-2.5
39169,115967,-5.5
39171,36804,1.3
39173,130696,-0.8
39175,21935,-5.2
40000,3943079,-0.1
40001,22082,2.9
40003,5754,-25.1
40005,13838,-1.9
40007,5319,-9.4
40009,21709,-5.9
40011,9485,-6.2
40013,47192,14.7
40015,28977,-11
40017,144447,25.6
40019,48177,-2.4
40021,48675,-6.2
40023,14668,-8.8
40025,2153,-2.8
40027,281669,3.1
40029,5520,-19.9
40031,120422,-15.9
40033,5776,-8.1
40035,14306,2.3
40037,71604,-1.7
40039,29036,-1.7
40041,42733,7.1
40043,4894,5.3
40045,3952,-3.5
40047,60913,-13.4
40049,27811,-2.4
40051,55551,11
40053,4326,-12.9
40055,5821,6.2
40057,2664,-9.3
40059,3797,-11.5
40061,12668,-4.7
40063,13335,4.5
40065,24949,-18.8
40067,6123,-5.7
40069,10949,-9.3
40071,44161,-9
40073,15816,6.5
40075,8729,-13.3
40077,10231,-12.6
40079,49980,3.6
40081,34920,-3.2
40083,47291,6.7
40085,10134,6.7
40087,39985,14.4
40089,32703,-5.2
40091,19815,9
40093,7644,-7.1
40095,16806,21.3
40097,41107,5.4
40099,13953,8.2
40101,68362,-8.2
40103,11289,-1.3
40105,10218,-4
40107,12098,3.1
40109,792582,0.9
40111,38335,-10.7
40113,47014,-3.9
40115,31175,-0.7
40117,16390,-3.2
40119,82040,-0.9
40121,43877,-3.6
40123,38247,-3.5
40125,72679,5.2
40127,11179,8.8
40129,3656,-8.7
40131,91984,4.2
40133,24578,-11.7
40135,41179,-2.6
40137,43265,-2.2
40139,20455,-31.1
40141,7348,-10.6
40143,648360,-2.3
40145,80110,11.7
40147,51843,-2.7
40149,11127,-2.4
40151,8897,-18.9
40153,20222,-13.6
41000,4190713,8.4
41001,16006,-1.2
41003,92101,4.1
41005,416075,6.2
41007,39764,17
41009,52377,10
41011,64389,14.3
41013,23867,32.7
41015,22813,14
41017,191996,25.3
41019,110283,12.7
41021,1894,19.2
41023,7176,4.5
41025,7329,3.6
41027,23428,-5.9
41029,219564,13
41031,24192,18
41033,87393,11.6
41035,67653,12.9
41037,7879,-0.5
41039,379611,10.6
41041,49388,15.3
41043,127335,16.8
41045,30725,3.3
41047,346868,11.4
41049,11372,6.4
41051,811880,0.4
41053,85234,14.5
41055,1708,-22
41057,26787,10.2
41059,77516,1.5
41061,26461,5.5
41063,7081,7.5
41065,26505,5.8
41067,597695,5.3
41069,1366,8.8
41071,107002,11.2
42000,12807060,1.2
42001,102811,5.3
42003,1218452,-0.9
42005,65263,-5.7
42007,164742,-2.7
42009,48176,-3.8
42011,420152,4.4
42013,122492,-2.2
42015,60833,-1.6
42017,628195,2.3
42019,187888,5.6
42021,131730,-6.5
42023,4492,-20.4
42025,64227,8.9
42027,162805,3
42029,522046,3.9
42031,38779,-3
42033,79388,-2.1
42035,38684,-3.8
42037,65456,-0.2
42039,85063,-7.4
42041,251423,7.4
42043,277097,1.7
42045,564751,0.7
42047,30169,-1.7
42049,272061,-7.1
42051,130441,-3.2
42053,7279,3.3
42055,154835,0.9
42057,14523,4.1
42059,36506,-7.3
42061,45168,-0.7
42063,84501,-3.7
42065,43641,-2.2
42067,24704,2
42069,210793,2.5
42071,543557,1.5
42073,86184,-2.1
42075,141314,11.9
42077,368100,5.1
42079,317646,2.8
42081,113664,-0.9
42083,40968,-5
42085,110683,-4.8
42087,46222,-2.8
42089,169507,9.2
42091,828604,4.1
42093,18240,-1.6
42095,304807,6.6
42097,91083,-5.1
42099,46139,1.4
42101,1584138,-0.9
42103,55933,8.8
42105,16622,-9.5
42107,142067,-0.8
42109,40540,-2
42111,73952,-1.2
42113,6071,-1.5
42115,40589,-6.4
42117,40763,3.7
42119,44785,1
42121,51266,-7.4
42123,39498,-0.9
42125,207346,2.8
42127,51276,5.5
42129,350611,-0.2
42131,27046,-9.4
42133,448273,4
44000,1057315,0.1
44001,48649,0.9
44003,163861,3.1
44005,82542,-5
44007,636084,-0.2
44009,126179,0.7
45000,5084127,11.1
45001,24541,2.3
45003,169401,6.2
45005,8903,-7.4
45007,200482,10.5
45009,14275,-4
45011,21112,-9
45013,188715,10.6
45015,221091,25
45017,14520,-7.2
45019,405905,7
45021,57078,2.3
45023,32251,1.6
45025,45754,-1.4
45027,33700,-5.5
45029,37660,5.4
45031,66802,-2
45033,30599,1.7
45035,160647,7.3
45037,27052,14
45039,22402,-4.9
45041,138159,-2.8
45043,62249,11.3
45045,514213,11.4
45047,70741,2.6
45049,19351,-5.4
45051,344147,35.5
45053,28971,17.5
45055,65592,7.7
45057,95380,28.4
45059,66994,2.4
45061,17142,-1.1
45063,295032,11.9
45065,9410,-6
45067,31039,-4.9
45069,26398,-9.5
45071,38520,2.5
45073,78374,14.8
45075,86934,-5.7
45077,124937,9.9
45079,414576,3.9
45081,20544,4.7
45083,313888,21.5
45085,106512,-2.3
45087,27410,-0.4
45089,30606,-15.5
45091,274118,26.1
46000,882235,4.9
46003,2801,9
46005,18883,8.1
46007,3468,1.4
46009,6980,0
46011,35232,9.6
46013,39316,-4.4
46015,5229,-23.7
46017,2036,1
46019,10222,9.3
46021,1377,0.7
46023,9338,-15.1
46025,3739,5.7
46027,14041,-2.5
46029,28015,-6.3
46031,4165,-19.4
46033,8726,8.2
46035,19790,-5.2
46037,5505,4.2
46039,4337,6.5
46041,5904,-4.9
46043,2935,-4.1
46045,3875,-12.8
46047,6758,16.4
46049,2330,-6.4
46051,7147,-7.7
46053,4212,-3.1
46055,1918,-10.4
46057,6111,4.1
46059,3262,-10.1
46061,3376,-18
46063,1249,-0.8
46065,17650,-4.5
46067,7380,-3
46069,1282,-19.3
46071,3307,-11.8
46073,2043,6.4
46075,928,0
46077,4919,-5.5
46079,13057,19.1
46081,25741,4.9
46083,58807,27
46085,3821,-29.9
46087,5546,3.1
46089,2407,0
46091,5112,15.2
46093,28294,9
46095,2042,-20
46097,2213,-2.3
46099,192876,7.1
46101,6579,1.2
46102,14309,-11.3
46103,111729,8.9
46105,2922,-14.6
46107,2207,0.9
46109,10447,7.9
46111,2429,-20.5
46115,6495,-5.5
46117,3022,2.3
46119,1392,-19.3
46121,10283,-8.6
46123,5478,2.6
46125,8424,15.1
46127,15619,20.2
46129,5587,2.3
46135,22869,4
46137,2742,-3.3
47000,6770010,7.3
47001,76482,6.3
47003,49038,14.9
47005,16184,21.1
47007,14755,4
47009,131349,12.2
47011,106727,12.1
47013,39583,2.9
47015,14462,19.2
47017,28020,10.5
47019,56351,2.4
47021,40439,2.2
47023,17276,6.7
47025,31756,7.5
47027,7717,9.1
47029,35774,12.2
47031,55700,13.9
47033,14328,-6.5
47035,59673,17
47037,692587,-1
47039,11706,3.5
47041,20138,16.2
47043,53446,11
47045,37320,-2.2
47047,40507,11.3
47049,18217,9.4
47051,41890,8.9
47053,49045,-0.1
47055,29503,6.1
47057,23145,3.8
47059,69087,8.8
47061,13346,3.6
47063,64569,7.1
47065,364286,7.3
47067,6549,-0.6
47069,25220,-5.1
47071,25776,3.6
47073,56530,4.7
47075,17335,-13.2
47077,27847,4.9
47079,32358,2.8
47081,25063,9.1
47083,8263,12.3
47085,18486,5.2
47087,11758,11.5
47089,54012,8.9
47091,17778,12.9
47093,465289,7.8
47095,7411,-1.7
47097,25825,-12
47099,43734,8.9
47101,12086,6.2
47103,34117,9.7
47105,53054,18.4
47107,53285,8.7
47109,25832,-2.9
47111,24265,13.3
47113,97605,-1.4
47115,28575,7.2
47117,33683,20.4
47119,94340,19.7
47121,12306,22.2
47123,46357,7.1
47125,205950,18.8
47127,6411,8
47129,21579,5.1
47131,30267,-2.5
47133,22068,7.6
47135,8064,12.7
47137,5082,7.5
47139,16898,11.6
47141,78843,17.3
47143,33044,9.3
47145,53140,9
47147,71012,9.3
47149,324890,19.1
47151,22039,3.7
47153,14876,8.8
47155,97892,6.1
47157,935764,-5
47159,19942,12.7
47161,13561,15.7
47163,157668,7.7
47165,187149,16.8
47167,61581,3
47169,11012,12.8
47171,17761,6.9
47173,19688,15.2
47175,5765,7.3
47177,40878,4.4
47179,128607,9
47181,16558,4.8
47183,33415,4.4
47185,27107,15
47187,231729,20.8
47189,140625,26.2
48000,28701845,6.6
48001,58057,-0.8
48003,18128,20.2
48005,87092,-9.4
48007,23792,-62.1
48009,8786,-0.2
48011,1892,3.2
48013,50310,19.4
48015,29989,5.8
48017,7027,-17.3
48019,22824,24.2
48021,86976,20.3
48023,3582,11.5
48025,32587,-3.6
48027,355642,11.2
48029,1986049,6.7
48031,11702,17.7
48033,648,-33.4
48035,18691,22.4
48037,94324,2.2
48039,370200,14.2
48041,226758,6.7
48043,9267,-9.2
48045,1516,-2.6
48047,7114,-9.8
48049,37924,3.3
48051,18389,18
48053,47542,18.3
48055,43247,14
48057,21561,-12
48059,13994,3.6
48061,423908,-7.2
48063,13033,8.5
48065,6005,2.8
48067,30119,8.7
48069,7665,-19.6
48071,42454,18
48073,52592,4.6
48075,7291,-1.8
48077,10456,0.2
48079,2836,-16.9
48081,3370,23.1
48083,8397,2.9
48085,1005146,27.6
48087,2962,-7.7
48089,21217,-0.9
48091,148373,49.6
48093,13534,2.5
48095,4276,-4.7
48097,40574,10.9
48099,74808,-7.1
48101,1389,5.1
48103,4794,7.8
48105,3499,-17
48107,5779,-17.7
48109,2204,-23.4
48111,7200,-17.1
48113,2637772,-3.1
48115,12619,-15
48117,18760,-13.9
48119,5349,10
48121,859064,20.7
48123,20187,-1.4
48125,2249,18
48127,10308,-9.3
48129,3319,-6.6
48131,11212,-5.1
48133,18322,0.7
48135,162124,21.8
48137,1928,-9.3
48139,179436,27.5
48141,840758,-8
48143,42446,10.8
48145,17335,-6.4
48147,35286,22.5
48149,25349,10.7
48151,3839,-15.2
48153,5837,-10.6
48155,1200,-4.2
48157,787858,19.9
48159,10766,0.3
48161,19808,7.7
48163,19816,7.6
48165,20901,-3
48167,337890,7.2
48169,6578,-0.2
48171,26804,14.7
48173,1388,14.6
48175,7584,3
48177,20826,-2.4
48179,21895,-11
48181,133991,19.7
48183,123707,2
48185,28360,10.6
48187,163694,19
48189,33830,-10.1
48191,3028,-4.9
48193,8484,14.6
48195,5463,-9
48197,3922,-8.9
48199,57207,-1.6
48201,4698619,-1.6
48203,66726,1.1
48205,5619,-25.6
48207,5813,8.5
48209,222631,30.9
48211,3825,-33.5
48213,82299,17.7
48215,865939,-2.7
48217,36354,14.9
48219,22980,-3.3
48221,60537,40.9
48223,36810,8
48225,23169,5.1
48227,36459,4.8
48229,4795,37.9
48231,96493,24.6
48233,21198,-11.1
48235,1522,2.6
48237,8843,-0.3
48239,14874,-1.1
48241,35872,8.9
48243,2252,-7.1
48245,255001,-9.7
48247,5248,-4
48249,40822,-6.6
48251,171361,20.7
48253,19817,-1.3
48255,15650,6.2
48257,128622,39.8
48259,45641,36.7
48261,442,34.7
48263,726,-39
48265,52405,14.2
48267,4362,-6.2
48269,277,-53
48271,3767,-2.1
48273,31129,-5.3
48275,3653,-5.2
48277,49728,3
48279,13158,-7
48281,21229,13.5
48283,7531,-10.6
48285,20110,5.8
48287,17144,-2.6
48289,17270,1.2
48291,86323,26
48293,23519,-1
48295,3355,-9.2
48297,12166,-2.9
48299,21646,27.9
48301,152,69.4
48303,307412,3.2
48305,5877,0.2
48307,7987,6.8
48309,254607,8.8
48311,749,-41.7
48313,14422,8.7
48315,9928,-7.6
48317,5753,25.5
48319,4280,21
48321,36552,-11.4
48323,58485,-7.4
48325,50921,10.8
48327,2139,10.3
48329,172578,32.1
48331,25131,5.4
48333,4921,1.4
48335,8145,-14.7
48337,19596,11.1
48339,590925,26.6
48341,21485,-30.7
48343,12339,-1.5
48345,1234,6.5
48347,65711,-1.4
48349,49565,13
48351,13746,-9.1
48353,14751,-7
48355,362265,-0.8
48357,9947,-20.6
48359,2131,0.9
48361,83572,-17.6
48363,28875,10.5
48365,23148,-2.8
48367,138371,31
48369,9864,-3.6
48371,15673,-1.7
48373,50031,23
48375,119648,-12.8
48377,6948,-36.7
48379,12159,36.1
48381,136271,9.7
48383,3741,-3.2
48385,3478,19.4
48387,12175,2.4
48389,15695,19.5
48391,7032,-26.7
48393,903,-39.1
48395,17284,4.1
48397,100657,33.7
48399,10234,-8
48401,54450,2.1
48403,10589,18.4
48405,8232,-3
48407,28719,16.7
48409,66893,-10.4
48411,6054,5.5
48413,2895,-34.6
48415,16866,-11.7
48417,3253,-14.3
48419,25418,2.1
48421,3079,8.2
48423,230221,7.9
48425,9016,20.3
48427,64525,-8.6
48429,9433,14.5
48431,1311,11.5
48433,1362,-16.7
48435,3758,-15.9
48437,7462,-3.9
48439,2084931,6.1
48441,137640,2
48443,823,2.4
48445,12287,-17.9
48447,1515,-1.3
48449,33033,-0.8
48451,118189,0.6
48453,1248743,9.1
48455,14740,7.6
48457,21696,10.2
48459,41260,2.5
48461,3671,-7.6
48463,26846,-14.3
48465,49208,-6.2
48467,56019,15.2
48469,92035,-4.7
48471,72480,0.8
48473,53126,28.5
48475,11720,19.7
48477,35108,5.4
48479,275910,-6.2
48481,41619,-10.4
48483,5191,-25.9
48485,132064,-0.3
48487,12820,5.1
48489,21515,-6.8
48491,566719,30.3
48493,50224,18
48495,7720,12.4
48497,68305,33.9
48499,45129,24
48501,8591,-8.7
48503,18045,5.2
48505,14190,-16.4
48507,11983,-4.1
49000,3161105,8
49001,6580,20.8
49003,54950,9.7
49005,127068,6.2
49007,20269,3.8
49009,980,-39
49011,351713,2.7
49013,19964,-7.4
49015,10014,-2.4
49017,5080,-0.8
49019,9764,10.1
49021,52775,27.8
49023,11555,17.3
49025,7709,19.4
49027,13006,5.6
49029,12045,3.8
49031,1445,21.7
49033,2464,16.9
49035,1152633,3.7
49037,15449,2.6
49039,30623,14.3
49041,21539,5
49043,41933,7.1
49045,69907,26.3
49047,35438,-2.7
49049,622213,9.6
49051,33240,28.2
49053,171700,28.8
49055,2690,-12.9
49057,256359,8.9
50000,626299,2.9
50001,36973,1.2
50003,35631,1.4
50005,30302,4.7
50007,164572,8.1
50009,6250,9.8
50011,49421,5.6
50013,7090,16.3
50015,25300,-3.8
50017,28999,-0.5
50019,26907,4.4
50021,58672,-2.7
50023,58140,-2.1
50025,42756,-1.6
50027,55286,1.9
51000,8517685,2.6
51001,32412,-0.7
51003,108718,6.5
51005,14910,-5.2
51007,13013,5.7
51009,31666,-3.8
51011,15841,8.8
51013,237521,1.5
51015,75457,7
51017,4292,3.5
51019,78747,9.2
51021,6293,-2.2
51023,33277,4.7
51025,16384,-8.2
51027,21221,-5.8
51029,16999,1.9
51031,54973,-0.5
51033,30772,8.6
51035,29636,2.9
51036,6941,-0.1
51037,11938,-8.5
51041,348556,11.6
51043,14523,6.4
51045,5064,7.1
51047,51859,7.7
51049,9809,3.4
51051,14523,-7.8
51053,28529,5.2
51057,10919,-5.7
51059,1150795,-3.7
51061,70675,14.3
51063,15795,2.1
51065,26783,12.6
51067,56195,0.6
51069,88355,17.9
51071,16844,7.3
51073,37349,3.6
51075,23244,24.7
51077,15631,2.6
51079,19779,2.5
51081,11627,-9.1
51083,34120,-7.5
51085,107239,12.1
51087,329261,3.4
51089,50953,0.5
51091,2210,1.4
51093,36953,11.2
51095,76397,11.7
51097,7042,10.3
51099,26575,5.1
51101,16939,10.2
51103,10783,9.8
51105,23541,-5.7
51107,406850,15.2
51109,36778,24
51111,12086,-6.6
51113,13295,2.4
51115,8802,16
51117,30650,3.9
51119,10769,16.2
51121,98985,5.6
51125,14836,4.8
51127,22391,27.9
51131,11735,-4.2
51133,12147,-1.5
51135,15420,1.3
51137,36644,18.2
51139,23933,10
51141,17673,3.1
51143,60949,-2.3
51145,29189,17.8
51147,22950,11.7
51149,38082,3.3
51153,468011,-0.4
51155,34066,0.2
51157,7252,-4.8
51159,9038,13.2
51161,94073,6.2
51163,22752,10.6
51165,81244,10.4
51167,26748,-5.3
51169,21534,-4.2
51171,43497,4.7
51173,30472,-1.4
51175,17586,-2.9
51177,134238,6.8
51179,149960,15
51181,6474,-6.5
51183,11237,-9.1
51185,40855,-1
51187,40003,13.8
51191,54402,2.6
51193,17830,7.1
51195,38012,-13.9
51197,28754,-0.8
51199,67846,-2.3
51510,160530,-6.6
51520,16482,-4.2
51530,6237,0.3
51540,48117,-1.6
51550,242634,5.8
51570,17833,5
51580,5460,8.2
51590,40693,-2.7
51595,5121,-18.4
51600,24574,-1
51610,14772,8.3
51620,8013,-10.7
51630,29144,16.9
51640,6423,-4.2
51650,134313,-4.6
51660,54033,-5
51670,22596,-1.4
51678,7136,13.1
51680,82126,7.7
51683,41641,-10.4
51685,17307,38.1
51690,12902,-6.6
51700,178626,-10.7
51710,244076,-8.7
51720,3968,20.6
51730,31567,-8.5
51735,12190,12.3
51740,94632,-3.9
51750,18339,34.2
51760,228783,4.5
51770,99920,1.7
51775,25643,0.2
51790,24922,12.1
51800,91185,6.3
51810,450189,-4.7
51820,22628,8.2
51830,14896,1.1
51840,28108,-8.2
53000,7535591,10.3
53001,19759,-10.4
53003,22610,6
53005,201877,10.7
53007,77036,4.3
53009,76737,17.9
53011,481857,11
53013,4059,11.1
53015,108987,18
53017,42907,12.1
53019,7649,8.8
53021,94347,11.2
53023,2247,16.6
53025,97331,7.7
53027,73901,20
53029,84460,11.1
53031,31729,23.2
53033,2233163,7.5
53035,269805,9.3
53037,47364,23.2
53039,22107,16.2
53041,79604,16.4
53043,10740,16.3
53045,65507,26.1
53047,42132,4.9
53049,22036,22.6
53051,13602,20.7
53053,891299,10.8
53055,17128,26.2
53057,128206,15.2
53059,11924,6.6
53061,814901,9.2
53063,514631,14.3
53065,45260,13.9
53067,286419,18.3
53069,4426,38.6
53071,60922,3.8
53073,225685,15.2
53075,49791,5.4
53077,251446,-3
54000,1805832,-3.7
54001,16535,4
54003,117123,15.6
54005,21951,-15.4
54007,14089,-5.9
54009,22203,-3.8
54011,93224,-11.7
54013,7254,-7.3
54015,8632,-6
54017,8406,-12.3
54019,43018,-7.6
54021,8026,-1.5
54023,11626,-1.4
54025,34786,-8.3
54027,23347,1.6
54029,29094,-4
54031,13775,-5.1
54033,67554,-3.1
54035,28706,-4.1
54037,56811,6.8
54039,180454,-12.2
54041,16024,-5.7
54043,20599,-9.9
54045,32607,-7.7
54047,18223,-8.6
54049,56097,-4
54051,30785,-10.4
54053,26718,0.3
54055,59131,-6.7
54057,26940,-5.1
54059,23785,-10
54061,106420,1.3
54063,13280,-2.9
54065,17787,10
54067,24842,-7.8
54069,41755,-3.1
54071,6997,5.7
54073,7507,9.9
54075,8414,-5
54077,33839,2.2
54079,56682,1.7
54081,74254,-7.2
54083,28823,0.1
54085,9721,-4
54087,13932,-0.9
54089,12760,-4.3
54091,16862,-0.4
54093,6955,-0.1
54095,8746,-4.4
54097,24415,-3.9
54099,39944,-1.5
54101,8285,-3.6
54103,15270,-5
54105,5830,6.7
54107,84203,-8.4
54109,20786,-14.7
55000,5813568,1.2
55001,20348,29
55003,15600,5.5
55005,45164,0
55007,15042,4.1
55009,263378,0.5
55011,13125,1.4
55013,15392,8.7
55015,50159,0.8
55017,64135,4.3
55019,34709,-3
55021,57358,0.7
55023,16291,5.5
55025,542364,5.4
55027,87847,2.1
55029,27610,9.4
55031,43208,-3
55033,45131,7
55035,104534,4.4
55037,4321,-2.8
55039,103066,5.7
55041,8991,2.8
55043,51554,-6.8
55045,36929,1.4
55047,18918,8.1
55049,23771,-0.8
55051,5676,10.6
55053,20478,-1.2
55055,85129,2.7
55057,26617,4.9
55059,169290,1.2
55061,20383,-0.9
55063,118230,-0.6
55065,16665,-4.8
55067,19268,5.9
55069,27689,-1.7
55071,79074,0
55073,135428,-2.8
55075,40434,6.7
55077,15434,12
55078,4658,-2.4
55079,948201,-7.7
55081,46051,6.5
55083,37830,9
55085,35470,10
55087,187365,2.1
55089,89147,7.9
55091,7289,5.2
55093,42555,11.5
55095,43598,5.8
55097,70942,2.3
55099,13397,1.7
55101,196584,0.1
55103,17377,-5.7
55105,163129,2
55107,14147,-1.2
55109,89694,8
55111,64249,2.8
55113,16489,8.2
55115,40796,-2.5
55117,115456,0.7
55119,20412,2.3
55121,29442,-1.9
55123,30785,-1.7
55125,21938,15.4
55127,103718,7.4
55129,15878,10.6
55131,135693,3.8
55133,403072,3.9
55135,51128,4.4
55137,24263,5.1
55139,171020,1.5
55141,73055,-1.5
56000,577737,-5.3
56001,38601,-0.4
56003,11881,0.8
56005,46140,-9
56007,14971,-20.7
56009,13640,-8.4
56011,7450,-1.2
56013,39531,-8
56015,13376,-2.9
56017,4555,-21.4
56019,8460,3.7
56021,98976,0.8
56023,19434,3.6
56025,79115,-8.7
56027,2388,-10.4
56029,29324,4.6
56031,8566,1.9
56033,30233,3.7
56035,9813,1.6
56037,43051,-17.2
56039,23081,-14.5
56041,20299,-14.1
56043,7885,-17.2
56045,6967,-2.6
72000,3195153,
72001,17302,
72003,36621,
72005,50598,
72007,24848,
72009,22143,
72011,26031,
72013,82114,
72015,17169,
72017,23504,
72019,27476,
72021,170480,
72023,47117,
72025,124434,
72027,30503,
72029,44296,
72031,147661,
72033,23244,
72035,42349,
72037,11018,
72039,15918,
72041,38288,
72043,37845,
72045,18598,
72047,32320,
72049,1710,
72051,35779,
72053,29699,
72054,11329,
72055,15551,
72057,39521,
72059,17719,
72061,83787,
72063,46068,
72065,38826,
72067,15462,
72069,50532,
72071,40268,
72073,13947,
72075,44510,
72077,37723,
72079,21991,
72081,24484,
72083,7961,
72085,36458,
72087,24686,
72089,17594,
72091,37393,
72093,5426,
72095,10370,
72097,71986,
72099,34909,
72101,30068,
72103,25376,
72105,27209,
72107,20221,
72109,16310,
72111,19402,
72113,133191,
72115,22828,
72117,13627,
72119,47889,
72121,21741,
72123,27083,
72125,30229,
72127,320967,
72129,35900,
72131,35652,
72133,21037,
72135,71094,
72137,74623,
72139,63746,
72141,27545,
72143,35806,
72145,50185,
72147,8364,
72149,21476,
72151,32158,
72153,33860,
